start_date,manager_id,user_id,name,email_address,last_login
2025-Mar-01,CDD3AA5D-F8BF-40BB-B220-36147E1B75F7,1,Ldehij Rqwgxhbse,mtppip.gkfgwuwos@kulc.ofz,2025-03-23
2021-Feb-17,A37D98B9-98E7-43ED-9B27-A79EFDDAC033,2,Qbrq Bphvtc,fofb.jnlftb@qmfupcl.zjl,2025-02-27
2020-Jun-19,4828D9F6-5959-4646-92AD-8A8AD49ABE4A,3,Ddtvla Nxzhrto,qdojki.drjegat@eswh.zkx,2025-03-07
2021-Oct-01,A37D98B9-98E7-43ED-9B27-A79EFDDAC033,4,Jzdmgrgc Uxgsllkge,ceriwedk.aqpbyzwcw@hqxfwwhweb.dop,2025-02-14
2024-Mar-21,CDD3AA5D-F8BF-40BB-B220-36147E1B75F7,5,Zdiciyq Uxpmpcx,nfdmdin.gsebunv@qnzj.ao,2025-01-22
2021-Aug-01,880036D9-568A-47BC-80FB-3C9BC5D74313,6,Sbnirbf Osjqlw,fpxshfi.oqrhds@zdys.sm,2025-03-02
2021-Sep-02,CDD3AA5D-F8BF-40BB-B220-36147E1B75F7,7,Yvzach Wbyynnk,cigodc.eqfkexd@cai.fju,2025-01-19
2024-Mar-02,CDD3AA5D-F8BF-40BB-B220-36147E1B75F7,8,Fiknuk Fpnn,ptxoil.pwar@iwyp.kmt,2025-04-07
2023-Nov-19,0213F1C0-01D9-422C-8737-19FBFA902082,9,Jkqbif Cihsrm,smjwwh.epmsls@sbht.qez,2025-04-02
2023-May-15,4828D9F6-5959-4646-92AD-8A8AD49ABE4A,10,Qehsmr Wxccdf,prujzm.mibshp@xxhidof.gne,2025-01-14
2024-Jan-24,A37D98B9-98E7-43ED-9B27-A79EFDDAC033,11,Smnuib Tsg,rcwkiy.mzb@putqzrf.hag,2025-03-13
2024-Jun-09,850A74DC-8ED7-4AE0-A998-94A30E8C1E4C,12,Gnty Vhhik,zhxf.qzurp@glpuca.lm,2025-01-26
2024-Mar-16,2AB96C22-181C-42DC-8B11-3EDAA281D4F8,13,Hkebk Sumucee,yhzov.eojvphq@fox.kqe,2025-01-20
2024-Apr-07,880036D9-568A-47BC-80FB-3C9BC5D74313,14,Icexmtw Wmuik,mmjfgcx.pwspx@foluvqm.hse,2025-03-29
2023-Jul-04,2AB96C22-181C-42DC-8B11-3EDAA281D4F8,15,Ogzu Nmwprmw,nyyq.tyexili@czfkileuoq.jro,2025-01-22
2021-May-09,6A6EE61B-2793-4D65-BDC5-14F849AEEC32,16,Qxjss Bpdvnbw,usoso.oqpdrfq@whshcxwchm.scq,2025-02-05
2022-Jun-25,880036D9-568A-47BC-80FB-3C9BC5D74313,17,Syuyof Pjzzabee,rpljzj.mgtcdvyu@pmybqwf.fkz,2025-02-10
2020-Nov-04,2AB96C22-181C-42DC-8B11-3EDAA281D4F8,18,Ayujq Yhmv,rywcw.sndn@lpoxlqs.net,2025-03-25
2020-Jun-11,4828D9F6-5959-4646-92AD-8A8AD49ABE4A,19,Ktysnht Fxxq,mdlgneo.fpgg@ajy.fcs,2025-01-21
2021-Mar-20,CDD3AA5D-F8BF-40BB-B220-36147E1B75F7,16,Cawl Sfica,lsob.jxmkx@mlayse.ikv,2025-02-13
2021-Sep-30,EFEABEA5-981B-4E45-8F13-425C456BF7F6,17,Vltqmn Kbyxfrf,lrkejq.vyczexg@mbjb.av,2025-01-16
2022-Feb-22,EFEABEA5-981B-4E45-8F13-425C456BF7F6,20,Gdjkzax Ajrgf,puxqiqt.gsybd@wgezhem.waa,2025-01-14
2023-Feb-25,850A74DC-8ED7-4AE0-A998-94A30E8C1E4C,21,Zbdxd Sdykzfyqv,vkteq.xifhbfsrf@wgxy.eu,2025-04-05
2024-Oct-07,EFEABEA5-981B-4E45-8F13-425C456BF7F6,18,Ccvveoj Ujbof,upmpddq.fuvxi@zjsyowovf.sen,2025-02-10
2021-Aug-11,850A74DC-8ED7-4AE0-A998-94A30E8C1E4C,22,Sglhtkb Vkqwap,dxjlkhi.srpfnv@xzwzhxr.kby,2025-02-14
2022-Jul-29,2AB96C22-181C-42DC-8B11-3EDAA281D4F8,23,Auneve Umhrh,fqydns.dbcqt@hsla.uw,2025-04-04
2025-Feb-23,A37D98B9-98E7-43ED-9B27-A79EFDDAC033,24,Smmzsu Ourlfa,njkyml.vmkyjy@wlkyvfjjhv.cvn,2025-04-03
2024-Feb-18,CDD3AA5D-F8BF-40BB-B220-36147E1B75F7,25,Kzfwd Izpve,kkbxb.tmvxq@aoodroq.wcn,2025-03-03
2023-May-05,A37D98B9-98E7-43ED-9B27-A79EFDDAC033,26,Jktianz Cjkbt,emgrfto.mepej@mozrzf.eaw,2025-03-13
2024-Aug-10,EFEABEA5-981B-4E45-8F13-425C456BF7F6,27,Ynnew Vpxnpwcjf,mfiuf.eitmyqisl@icqxdqzxuz.byy,2025-03-03
2024-Aug-26,CDD3AA5D-F8BF-40BB-B220-36147E1B75F7,28,Cyxlood Cpifs,klriddn.yxamv@dzxf.hn,2025-02-13
2022-Sep-02,6A6EE61B-2793-4D65-BDC5-14F849AEEC32,29,Amrhdra Ldjlunqq,hyxwgrz.kfrkjvma@prnka.ota,2025-02-18
2024-Jan-26,6A6EE61B-2793-4D65-BDC5-14F849AEEC32,30,Lijrb Omwidcdz,cpsoi.wieqommz@prxlpmy.khj,2025-02-24
2022-Jan-25,0213F1C0-01D9-422C-8737-19FBFA902082,31,Gatoqry Pukiapi,btoqhdl.zolzkwq@xkw.bfe,2025-02-26
2020-Aug-03,6A6EE61B-2793-4D65-BDC5-14F849AEEC32,32,Lopqa Xcgve,zxcyl.exskh@weij.ktd,2025-01-09
2024-Aug-14,2AB96C22-181C-42DC-8B11-3EDAA281D4F8,33,Pgfza Bopad,tlunq.egqzn@mtfg.ba,2025-02-11
2023-Aug-14,880036D9-568A-47BC-80FB-3C9BC5D74313,4,Onmubqt Dpjdgm,ghzmrun.hxyccq@dmrnkxl.sdd,2025-03-24
2020-May-18,6A6EE61B-2793-4D65-BDC5-14F849AEEC32,34,Qbfgdaj Xadwdovn,dnvcugv.kipznrsj@jxtvqoq.niv,2025-03-06
2023-Apr-25,EFEABEA5-981B-4E45-8F13-425C456BF7F6,35,Psxgifd Vtgrr,thqmbnb.jxbmp@fczcsac.qvt,2025-03-05
2022-Nov-28,2AB96C22-181C-42DC-8B11-3EDAA281D4F8,36,Wrgmdrc Ixhk,qrkngcb.pofb@wyfcqg.sm,2025-03-03
2021-Feb-06,4828D9F6-5959-4646-92AD-8A8AD49ABE4A,37,Sthdak Mxjcm,vonqqi.qsssm@yndp.bvu,2025-01-18
2025-Jan-14,6A6EE61B-2793-4D65-BDC5-14F849AEEC32,38,Exkjlb Mavn,lktqee.jjhi@lvw.plo,2025-01-29
2022-Mar-29,4828D9F6-5959-4646-92AD-8A8AD49ABE4A,39,Cumcaqg Qtdsce,tgmwjzo.aeiwsl@qgcd.tj,2025-02-16
2023-Dec-15,880036D9-568A-47BC-80FB-3C9BC5D74313,40,Dktzsrx Jhdrq,wcvkuwz.jsyqj@qakgrj.ttx,2025-01-09
2023-Sep-15,6A6EE61B-2793-4D65-BDC5-14F849AEEC32,41,Ncagnlj Mkbyu,ekusssh.uvmqj@awah.nq,2025-04-01
2023-Oct-16,EFEABEA5-981B-4E45-8F13-425C456BF7F6,42,Wegximp Jndwcrmt,hnasgef.kmknaklq@rlvcpae.edz,2025-04-03
2025-Mar-04,6A6EE61B-2793-4D65-BDC5-14F849AEEC32,43,Amitdxm Atfwdzv,flchscy.qvgmamg@pdlasjqchr.ylj,2025-04-07
2024-Dec-18,A37D98B9-98E7-43ED-9B27-A79EFDDAC033,38,Dscdzuqv Clzel,dvmmfoxo.almnj@uimduo.kbe,2025-03-14
2024-Jan-24,4828D9F6-5959-4646-92AD-8A8AD49ABE4A,44,Kkdva Kxcjrwdl,tpmxd.gwnjplko@ztdq.xka,2025-01-10
2021-Aug-31,880036D9-568A-47BC-80FB-3C9BC5D74313,45,Pprgb Xquhpihmf,rntlu.ozttpgyan@irntzlgprj.muo,2025-03-10
2020-Oct-05,2AB96C22-181C-42DC-8B11-3EDAA281D4F8,46,Giyb Ttkgzx,xjrs.vxnact@vfmb.nbs,2025-01-17
2023-Aug-12,A37D98B9-98E7-43ED-9B27-A79EFDDAC033,4,Jwhyr Kufbh,rlnwz.mueqb@bjl.why,2025-03-18
2024-Apr-28,2AB96C22-181C-42DC-8B11-3EDAA281D4F8,47,Lsonw Pejhppvt,ammwy.jptzzdro@swkw.ttm,2025-01-07
2025-Jan-17,EFEABEA5-981B-4E45-8F13-425C456BF7F6,48,Jjzjz Jpha,lzmsj.nevx@nzgwntu.rxy,2025-01-25
2021-Sep-11,850A74DC-8ED7-4AE0-A998-94A30E8C1E4C,15,Fuyq Teibcb,jnut.ewipwx@nhvefnr.fut,2025-01-10
2022-Feb-15,CDD3AA5D-F8BF-40BB-B220-36147E1B75F7,49,Nkxd Lepmqkh,oqms.rfykkcz@fsqtnrl.pqy,2025-01-17
2021-Feb-10,EFEABEA5-981B-4E45-8F13-425C456BF7F6,50,Naptt Nsrch,gszhj.ptkkg@zvayorp.gsc,2025-02-03
2023-Dec-25,78FFE618-36C0-4A45-BB0F-8803B79D2A1F,51,Jejmmw Ggnar,vwgiur.itbwd@nurfcgk.cfr,2025-03-16
2021-Aug-10,880036D9-568A-47BC-80FB-3C9BC5D74313,52,Ktapt Vbywmr,mperg.monqvx@fngconw.gdg,2025-02-24
2023-Mar-06,2AB96C22-181C-42DC-8B11-3EDAA281D4F8,53,Lxesumvz Yrjupe,izndcmdm.aauugb@byjm.rt,2025-04-05
2021-Jul-11,78FFE618-36C0-4A45-BB0F-8803B79D2A1F,26,Lizvu Jtl,rohsj.cqn@sjdh.jt,2025-01-08
2021-May-01,4828D9F6-5959-4646-92AD-8A8AD49ABE4A,27,Gvtzwtkc Miiicucn,wlcphkke.wbsxpwny@hzlba.xut,2025-03-16
2022-Dec-25,6A6EE61B-2793-4D65-BDC5-14F849AEEC32,54,Wzztnmy Izkyjp,fnhtmqi.wotzwo@tdkp.nfx,2025-02-25
2021-Feb-22,6A6EE61B-2793-4D65-BDC5-14F849AEEC32,55,Hbhhfa Gguxf,thjvjo.yrube@xqaj.dpw,2025-02-11
2024-Sep-24,880036D9-568A-47BC-80FB-3C9BC5D74313,56,Jctfw Ogxaw,bcczb.rpnta@lrnhl.igt,2025-03-15
2023-May-12,0213F1C0-01D9-422C-8737-19FBFA902082,57,Sjciqi Ralei,hhihvi.gqtzm@hhs.jpu,2025-03-17
2022-Dec-26,0213F1C0-01D9-422C-8737-19FBFA902082,22,Wysyiyj Kqmtungl,yqzscoi.ikkebmdc@yyuz.jyc,2025-03-10
2024-May-29,EFEABEA5-981B-4E45-8F13-425C456BF7F6,58,Yvqgrw Zcxbpqie,uhjtfe.kbiuxapn@gnet.xiq,2025-02-12
2024-May-29,78FFE618-36C0-4A45-BB0F-8803B79D2A1F,59,Svzyk Vihhp,vcart.xlptp@jlcpfns.taq,2025-02-12
2022-Aug-01,880036D9-568A-47BC-80FB-3C9BC5D74313,60,Zossgct Sdnahmrt,dswdehk.anmsdbgl@ycmnyyv.czw,2025-03-05
2023-Dec-09,880036D9-568A-47BC-80FB-3C9BC5D74313,61,Twacx Eiyg,bqerg.ugir@yuxwdc.dst,2025-01-15
2020-Dec-04,EFEABEA5-981B-4E45-8F13-425C456BF7F6,62,Tzqiyid Ypwqk,iknfgtq.yuoga@gtqrgut.skk,2025-02-21
2022-Dec-27,A37D98B9-98E7-43ED-9B27-A79EFDDAC033,63,Guejr Gjhety,aukho.jjsjuh@tsk.tdz,2025-03-11
2024-Feb-08,2AB96C22-181C-42DC-8B11-3EDAA281D4F8,64,Klok Tpfa,hbfr.zvdt@tlkyccnya.exy,2025-02-25
2021-Mar-08,EFEABEA5-981B-4E45-8F13-425C456BF7F6,65,Vojko Pcgllbhg,pztsj.utiqupdl@nwnwvmy.kmy,2025-02-08
2023-Oct-20,2AB96C22-181C-42DC-8B11-3EDAA281D4F8,66,Qjmnpkq Arceh,vsdwmda.giudu@wzxvsrawsy.myf,2025-01-22
2022-Apr-03,880036D9-568A-47BC-80FB-3C9BC5D74313,67,Fmdorff Npfuocl,mbprwtf.pqwrmwi@purfmp.zu,2025-02-21
2021-Mar-22,0213F1C0-01D9-422C-8737-19FBFA902082,68,Kxvje Khrhb,oeuxg.xuome@ptat.wgp,2025-01-28
2022-Jun-02,78FFE618-36C0-4A45-BB0F-8803B79D2A1F,69,Bnkuoum Shnsbu,bifsfqw.uaalsp@tbdwnhaj.lxd,2025-02-04
2024-Feb-09,A37D98B9-98E7-43ED-9B27-A79EFDDAC033,70,Bwavhc Aovlgi,lkyhsm.acjpfb@htrli.uwh,2025-04-02
2022-Sep-23,CDD3AA5D-F8BF-40BB-B220-36147E1B75F7,71,Cxxn Vlhshw,nzqk.vxlgjj@jdaysr.iq,2025-02-07
2022-Aug-01,A37D98B9-98E7-43ED-9B27-A79EFDDAC033,20,Yofh Afmwxxo,burg.flssfes@ibzwwt.mo,2025-02-09
2023-Mar-06,0213F1C0-01D9-422C-8737-19FBFA902082,72,Vpieo Gcivko,bibjv.pcwshn@xgoefjx.gcq,2025-01-14
2023-May-29,78FFE618-36C0-4A45-BB0F-8803B79D2A1F,22,Peamccr Kptyu,ggvpwnx.tkdtt@blw.eqd,2025-03-29
2022-Mar-15,EFEABEA5-981B-4E45-8F13-425C456BF7F6,73,Pwnqbv Adhuh,yvkmvg.oaafv@chwj.yg,2025-01-19
2024-May-29,880036D9-568A-47BC-80FB-3C9BC5D74313,74,Zlorn Qhkyfins,lzran.pmjtjkwa@sepyldo.hbr,2025-04-06
2020-Dec-02,0213F1C0-01D9-422C-8737-19FBFA902082,75,Vusfnqz Wkyftr,euaxsfp.kefbdj@nnfdtc.gjh,2025-03-05
2020-Dec-07,A37D98B9-98E7-43ED-9B27-A79EFDDAC033,76,Gbdfygd Oulllo,evsriay.gjymrz@yepqyxsbkt.sxr,2025-03-17
2022-Nov-09,A37D98B9-98E7-43ED-9B27-A79EFDDAC033,77,Urizjquwx Sgfhmdcc,etgtotbso.uppzpxjc@zqphbk.kw,2025-01-08
2022-Nov-20,880036D9-568A-47BC-80FB-3C9BC5D74313,32,Ueajiya Ifzlem,grkcbzc.mxqahz@cljzyxen.eth,2025-02-15
2024-Jun-26,0213F1C0-01D9-422C-8737-19FBFA902082,78,Gitu Erwyr,webt.wqife@butevt.tas,2025-02-13
2022-Jun-18,2AB96C22-181C-42DC-8B11-3EDAA281D4F8,79,Mheci Swrjgc,qfpzd.dkwuqo@tksxllbwrb.rxe,2025-03-18
2023-Oct-21,6A6EE61B-2793-4D65-BDC5-14F849AEEC32,80,Tqdsr Uvfew,zvzcu.xqdnm@uspb.zy,2025-01-25
2024-Sep-25,880036D9-568A-47BC-80FB-3C9BC5D74313,81,Jdsylau Sdzfh,cctkkzx.iyyvs@eiqrw.ube,2025-03-05
2023-Jul-22,A37D98B9-98E7-43ED-9B27-A79EFDDAC033,82,Apfcql Buebwgn,jdnaou.ooipxru@vori.qvz,2025-02-04
2025-Feb-20,0213F1C0-01D9-422C-8737-19FBFA902082,83,Rjnch Lrawt,vrpze.xjlfe@epfcl.ymb,2025-02-08
2020-May-31,850A74DC-8ED7-4AE0-A998-94A30E8C1E4C,84,Czbqz Mvukzund,ebrdc.bhcdxbvt@hjoird.zod,2025-01-29
2021-Nov-26,78FFE618-36C0-4A45-BB0F-8803B79D2A1F,85,Ykswj Nmlmlq,lofrw.whnatm@ycsy.ihu,2025-03-20
2021-Aug-10,0213F1C0-01D9-422C-8737-19FBFA902082,86,Lsott Fzjqsaas,ikdeu.zftvnsor@ihnjybovhj.zye,2025-04-05
2020-Dec-03,A37D98B9-98E7-43ED-9B27-A79EFDDAC033,87,Wrfd Dxqwo,rfhq.xjnau@oiorjpy.hsa,2025-03-30
